{
  "gpt-5.2|free_prompted": {
    "n": 1155,
    "n_scoreable": 1155,
    "label_concordance": 0.535064935064935,
    "criteria_f1": null,
    "dangerous_rate": 0.008658008658008658,
    "abstention_rate": 0.18095238095238095,
    "format_fail_rate": 0.0,
    "ratelimit_rate": 0.0,
    "error_rate": 0.0,
    "fabricated_clinvar_rate": null,
    "replicate_agreement": 0.7575757575757576,
    "accuracy_mean": 0.535064935064935,
    "accuracy_std": 0.012121212121212132
  },
  "gpt-5.2|skill_reasoning": {
    "n": 1155,
    "n_scoreable": 1155,
    "label_concordance": 0.509090909090909,
    "criteria_f1": null,
    "dangerous_rate": 0.008658008658008658,
    "abstention_rate": 0.1341991341991342,
    "format_fail_rate": 0.0,
    "ratelimit_rate": 0.0,
    "error_rate": 0.0,
    "fabricated_clinvar_rate": null,
    "replicate_agreement": 0.696969696969697,
    "accuracy_mean": 0.509090909090909,
    "accuracy_std": 0.011807949521199877
  },
  "gpt-5.2|skill_execution": {
    "n": 1155,
    "n_scoreable": 1134,
    "label_concordance": 0.5414462081128748,
    "criteria_f1": null,
    "dangerous_rate": 0.008818342151675485,
    "abstention_rate": 0.18253968253968253,
    "format_fail_rate": 0.0,
    "ratelimit_rate": 0.0,
    "error_rate": 0.0,
    "fabricated_clinvar_rate": 0.17142857142857143,
    "replicate_agreement": 0.645021645021645,
    "accuracy_mean": 0.5414401239728794,
    "accuracy_std": 0.008630497947283584
  },
  "claude-sonnet-4-5|free_prompted": {
    "n": 1155,
    "n_scoreable": 1155,
    "label_concordance": 0.5056277056277056,
    "criteria_f1": null,
    "dangerous_rate": 0.008658008658008658,
    "abstention_rate": 0.08225108225108226,
    "format_fail_rate": 0.0,
    "ratelimit_rate": 0.0,
    "error_rate": 0.0,
    "fabricated_clinvar_rate": null,
    "replicate_agreement": 0.9393939393939394,
    "accuracy_mean": 0.5056277056277056,
    "accuracy_std": 0.0032395302049990924
  },
  "claude-sonnet-4-5|skill_reasoning": {
    "n": 1155,
    "n_scoreable": 1155,
    "label_concordance": 0.503030303030303,
    "criteria_f1": null,
    "dangerous_rate": 0.02077922077922078,
    "abstention_rate": 0.012121212121212121,
    "format_fail_rate": 0.0,
    "ratelimit_rate": 0.0,
    "error_rate": 0.0,
    "fabricated_clinvar_rate": null,
    "replicate_agreement": 0.9826839826839827,
    "accuracy_mean": 0.503030303030303,
    "accuracy_std": 0.0017316017316017173
  },
  "claude-sonnet-4-5|skill_execution": {
    "n": 1155,
    "n_scoreable": 1149,
    "label_concordance": 0.49521322889469105,
    "criteria_f1": null,
    "dangerous_rate": 0.009573542210617928,
    "abstention_rate": 0.05221932114882506,
    "format_fail_rate": 0.0,
    "ratelimit_rate": 0.0,
    "error_rate": 0.0,
    "fabricated_clinvar_rate": 0.0008658008658008658,
    "replicate_agreement": 0.8528138528138528,
    "accuracy_mean": 0.4952078817960724,
    "accuracy_std": 0.004229096135586322
  },
  "gemini-2.5-pro|free_prompted": {
    "n": 1155,
    "n_scoreable": 609,
    "label_concordance": 0.6157635467980296,
    "criteria_f1": null,
    "dangerous_rate": 0.011494252873563218,
    "abstention_rate": 0.0361247947454844,
    "format_fail_rate": 0.0,
    "ratelimit_rate": 0.4727272727272727,
    "error_rate": 0.0,
    "fabricated_clinvar_rate": null,
    "replicate_agreement": 0.5950413223140496,
    "accuracy_mean": 0.6157318890625568,
    "accuracy_std": 0.032831448337794604
  },
  "gemini-2.5-pro|skill_reasoning": {
    "n": 1155,
    "n_scoreable": 608,
    "label_concordance": 0.9046052631578947,
    "criteria_f1": null,
    "dangerous_rate": 0.009868421052631578,
    "abstention_rate": 0.03125,
    "format_fail_rate": 0.0,
    "ratelimit_rate": 0.47359307359307357,
    "error_rate": 0.0,
    "fabricated_clinvar_rate": null,
    "replicate_agreement": 0.9917355371900827,
    "accuracy_mean": 0.9046920821114369,
    "accuracy_std": 0.008797653958944274
  },
  "gemini-2.5-pro|skill_execution": {
    "n": 1155,
    "n_scoreable": 521,
    "label_concordance": 0.8541266794625719,
    "criteria_f1": null,
    "dangerous_rate": 0.005758157389635317,
    "abstention_rate": 0.07869481765834933,
    "format_fail_rate": 0.0,
    "ratelimit_rate": 0.47445887445887447,
    "error_rate": 0.0,
    "fabricated_clinvar_rate": 0.06589785831960461,
    "replicate_agreement": 0.85,
    "accuracy_mean": 0.8542810910772075,
    "accuracy_std": 0.037369666796006576
  }
}