{
  "gpt-5.2|free_prompted": {
    "n": 1155,
    "n_scoreable": 1155,
    "label_concordance": 0.5454545454545454,
    "criteria_f1": null,
    "dangerous_rate": 0.008658008658008658,
    "abstention_rate": 0.17662337662337663,
    "format_fail_rate": 0.0,
    "ratelimit_rate": 0.0,
    "error_rate": 0.0,
    "fabricated_clinvar_rate": null,
    "replicate_agreement": 0.7619047619047619,
    "accuracy_mean": 0.5454545454545455,
    "accuracy_std": 0.007243809753541774,
    "three_class_concordance": 0.7818181818181819,
    "actionable_binary": 0.815,
    "benign_concordance": 0.9507246376811594,
    "overcall_rate": 0.014492753623188406,
    "assignment_set_agreement": 0.8268398268398268,
    "assignment_jaccard": 0.9434343434343434
  },
  "claude-sonnet-4-5|free_prompted": {
    "n": 1155,
    "n_scoreable": 1155,
    "label_concordance": 0.5056277056277056,
    "criteria_f1": null,
    "dangerous_rate": 0.008658008658008658,
    "abstention_rate": 0.08051948051948052,
    "format_fail_rate": 0.0,
    "ratelimit_rate": 0.0,
    "error_rate": 0.0,
    "fabricated_clinvar_rate": null,
    "replicate_agreement": 0.961038961038961,
    "accuracy_mean": 0.5056277056277056,
    "accuracy_std": 0.00574307323005263,
    "three_class_concordance": 0.7861471861471861,
    "actionable_binary": 0.915,
    "benign_concordance": 0.9449275362318841,
    "overcall_rate": 0.014492753623188406,
    "assignment_set_agreement": 0.8831168831168831,
    "assignment_jaccard": 0.9702741702741703
  },
  "gpt-5.2|skill_reasoning": {
    "n": 1155,
    "n_scoreable": 1155,
    "label_concordance": 0.4935064935064935,
    "criteria_f1": null,
    "dangerous_rate": 0.008658008658008658,
    "abstention_rate": 0.141991341991342,
    "format_fail_rate": 0.0,
    "ratelimit_rate": 0.0,
    "error_rate": 0.0,
    "fabricated_clinvar_rate": null,
    "replicate_agreement": 0.7705627705627706,
    "accuracy_mean": 0.4935064935064935,
    "accuracy_std": 0.011288662173511085,
    "three_class_concordance": 0.7385281385281385,
    "actionable_binary": 0.8183333333333334,
    "benign_concordance": 0.9304347826086956,
    "overcall_rate": 0.014492753623188406,
    "assignment_set_agreement": 0.5151515151515151,
    "assignment_jaccard": 0.7610389610389611
  },
  "gemini-2.5-flash|free_prompted": {
    "n": 1155,
    "n_scoreable": 1155,
    "label_concordance": 0.47878787878787876,
    "criteria_f1": null,
    "dangerous_rate": 0.009523809523809525,
    "abstention_rate": 0.4025974025974026,
    "format_fail_rate": 0.0,
    "ratelimit_rate": 0.0,
    "error_rate": 0.0,
    "fabricated_clinvar_rate": null,
    "replicate_agreement": 0.36796536796536794,
    "accuracy_mean": 0.4787878787878788,
    "accuracy_std": 0.008483081360288061,
    "three_class_concordance": 0.6415584415584416,
    "actionable_binary": 0.47,
    "benign_concordance": 0.936231884057971,
    "overcall_rate": 0.02318840579710145,
    "assignment_set_agreement": 0.22510822510822512,
    "assignment_jaccard": 0.7121356421356422
  },
  "claude-sonnet-4-5|skill_reasoning": {
    "n": 1155,
    "n_scoreable": 1155,
    "label_concordance": 0.5012987012987012,
    "criteria_f1": null,
    "dangerous_rate": 0.021645021645021644,
    "abstention_rate": 0.013852813852813853,
    "format_fail_rate": 0.0,
    "ratelimit_rate": 0.0,
    "error_rate": 0.0,
    "fabricated_clinvar_rate": null,
    "replicate_agreement": 0.9696969696969697,
    "accuracy_mean": 0.5012987012987012,
    "accuracy_std": 0.0017316017316017173,
    "three_class_concordance": 0.7826839826839826,
    "actionable_binary": 0.9716666666666667,
    "benign_concordance": 0.9304347826086956,
    "overcall_rate": 0.05507246376811594,
    "assignment_set_agreement": 1.0,
    "assignment_jaccard": 1.0
  },
  "gemini-2.5-flash|skill_reasoning": {
    "n": 1155,
    "n_scoreable": 1155,
    "label_concordance": 0.5125541125541125,
    "criteria_f1": null,
    "dangerous_rate": 0.005194805194805195,
    "abstention_rate": 0.024242424242424242,
    "format_fail_rate": 0.0,
    "ratelimit_rate": 0.0,
    "error_rate": 0.0,
    "fabricated_clinvar_rate": null,
    "replicate_agreement": 0.9134199134199135,
    "accuracy_mean": 0.5125541125541125,
    "accuracy_std": 0.005194805194805204,
    "three_class_concordance": 0.7887445887445887,
    "actionable_binary": 0.9866666666666667,
    "benign_concordance": 0.9246376811594202,
    "overcall_rate": 0.017391304347826087,
    "assignment_set_agreement": 0.7402597402597403,
    "assignment_jaccard": 0.943939393939394
  },
  "gpt-5.2|skill_execution": {
    "n": 1155,
    "n_scoreable": 1141,
    "label_concordance": 0.5267309377738826,
    "criteria_f1": null,
    "dangerous_rate": 0.0052585451358457495,
    "abstention_rate": 0.19281332164767748,
    "format_fail_rate": 0.0,
    "ratelimit_rate": 0.0,
    "error_rate": 0.0,
    "fabricated_clinvar_rate": 0.1722943722943723,
    "replicate_agreement": 0.6493506493506493,
    "accuracy_mean": 0.5267460735119577,
    "accuracy_std": 0.00764461157691179,
    "three_class_concordance": 0.7484662576687117,
    "actionable_binary": 0.7892976588628763,
    "benign_concordance": 0.9221556886227545,
    "overcall_rate": 0.011976047904191617,
    "assignment_set_agreement": 0.6060606060606061,
    "assignment_jaccard": 0.8904040404040404
  },
  "claude-sonnet-4-5|skill_execution": {
    "n": 1155,
    "n_scoreable": 1150,
    "label_concordance": 0.4930434782608696,
    "criteria_f1": null,
    "dangerous_rate": 0.010434782608695653,
    "abstention_rate": 0.057391304347826085,
    "format_fail_rate": 0.0,
    "ratelimit_rate": 0.0,
    "error_rate": 0.0,
    "fabricated_clinvar_rate": 0.0,
    "replicate_agreement": 0.8051948051948052,
    "accuracy_mean": 0.49305853566723135,
    "accuracy_std": 0.004634838691762051,
    "three_class_concordance": 0.7660869565217391,
    "actionable_binary": 0.9230769230769231,
    "benign_concordance": 0.9329446064139941,
    "overcall_rate": 0.026239067055393587,
    "assignment_set_agreement": 0.9090909090909091,
    "assignment_jaccard": 0.9743145743145742
  },
  "gemini-2.5-flash|skill_execution": {
    "n": 1155,
    "n_scoreable": 637,
    "label_concordance": 0.48194662480376765,
    "criteria_f1": null,
    "dangerous_rate": 0.004709576138147566,
    "abstention_rate": 0.4662480376766091,
    "format_fail_rate": 0.0,
    "ratelimit_rate": 0.0,
    "error_rate": 0.0,
    "fabricated_clinvar_rate": 0.12554112554112554,
    "replicate_agreement": 0.6502463054187192,
    "accuracy_mean": 0.48248608668743365,
    "accuracy_std": 0.027381809067993066,
    "three_class_concordance": 0.5949764521193093,
    "actionable_binary": 0.3517915309446254,
    "benign_concordance": 0.9009433962264151,
    "overcall_rate": 0.014150943396226415,
    "assignment_set_agreement": 0.4236453201970443,
    "assignment_jaccard": 0.7070060207991242
  }
}